1,Alta," sdasd",0001-01-01,on,Enviar,0,1
1,Alta," sdasd",0001-01-01,on,Enviar,0,
1,Alta," sdasd",0001-01-01,on,Enviar,0,1
1,Alta," sdasd",0001-01-01,on,Enviar,0,1
1,Alta," sdasd",0001-01-01,on,Enviar,0,1
1,Alta," sdasd",0001-01-01,on,Enviar,0,1
1,Alta," sdasd",0001-01-01,on,Enviar,0,10
1,Alta," sdasd",0001-01-01,on,Enviar,0,10
1,Alta," sdasd",0001-01-01,on,Enviar,0,10
1,Alta," sdasd",0001-01-01,on,Enviar,0,10
1,Alta," sdasd",0001-01-01,on,Enviar,0,18
1,Alta," sdasd",0001-01-01,on,Enviar,0,19
1,Alta," sdasd",0001-01-01,on,Enviar,0,20
1,Alta," sdasd",0001-01-01,on,Enviar,0,21
1,Alta," sdasd",0001-01-01,on,Enviar,0,22
1,Alta," sdasd",0001-01-01,on,Enviar,0,23
1,Alta," sdasd",0001-01-01,on,Enviar,0,24
1,Alta," sdasd",0001-01-01,on,Enviar,0,25
1,Alta," sdasd",0001-01-01,on,Enviar,0,26
1,Alta," sdasd",0001-01-01,on,Enviar,0,27
1,Alta," sdasd",0001-01-01,on,Enviar,0,28
